supplier_name,supplier_address,supplier_address_is_internal_manufacturing_site
3M Company,"1030 Lake Road Medina, Ohio USA",True
3M Company,"No. 8 Xingyi Road, Changning Shanghai China",True
3M Company,"3406 E. Pleasant Street Knoxville, Iowa USA",True
3M Company,"915 Adams Street S.E. Hutchinson, Minnesota USA",True
3M Company,"Nanxiang 2nd Road Tianhe, Guangzhou, Guangdong China",True
AAC Technologies Holdings Inc.,"Building 5, 6th floor, Nanyou Tianan Industry Park, Dengliang Road, NanShan District Shenzhen, Guangdong China",True
AAC Technologies Holdings Inc.,"Gangqiao Street, Nanxiashu Town, Wujin District, Changzhou, Jiangsu China",True
AcBel Polytech Inc.,"No. 17-28, (Hong Yeh Road), Hong Yeh 138 Industrial District, Tang Xia Town Dongguan, Guangdong China",True
Advanced-Connectek Inc.,"No. 2 Middle LanJing Road, Grand Industrial Zone, PingShan District Shenzhen, Guangdong China",True
Advanced-Connectek Inc.,"No. 888 Hua-Yuan Road, Zhang-Pu Town Kunshan, Jiangsu China",True
"AKM Semiconductor, Inc.","1-15, Nakashima-cho, Nobeoka, Miyazaki Japan",True
"AKM Semiconductor, Inc.","No. 5 Nanke 7th Road, Southern Taiwan Science Park Tainan, Taiwan",True
"AKM Semiconductor, Inc.","13-2 Sekinoiri Sumie, Ishinomaki City, Miyazaki Japan",True
"AKM Semiconductor, Inc.","4 Ren Der Road, Hsinchu Industrial Park, Hsinchu, Taiwan",True
"AKM Semiconductor, Inc.","5-4960, Nakagawara-cho Nobeoka, Miyazaki Japan",True
"Alcoa, Inc.","1480 Manheim Pike, Lancaster, Pennsylvania USA",True
"Alps Electric Co., Ltd.","230, Shibue Wakuya-Cho Tohda-gun, Miyagi Japan",True
"Alps Electric Co., Ltd.","No. 5, Xingchuang 4 Road Singapore Industrial Park Wuxi, Jiangsu China",True
"Alps Electric Co., Ltd.","41-25, Yanagi-machi, Noda Onahama Iwaki, Fukushima Japan",True
"Alps Electric Co., Ltd.","P.T. 10643, Nilai Industrial Estate Nilai, Negeri Sembilan Malaysia",True
"Alps Electric Co., Ltd.","6-1 Nishida Kakuda City, Miyagi Japan",True
"Alps Electric Co., Ltd.","Xinxing Industry Zone, Xingfa South Street, Wushaliwu, Changan Town Dongguan, Guangdong China",True
"Alps Electric Co., Ltd.","6-3-36 Furukawanakazato Osaki, Miyagi Japan",True
Amperex Technology Ltd.,"1 West Industrial Road, North Industrial Park, SongShan Lake Dongguan, Guangdong China",True
Amperex Technology Ltd.,"ATL Industrial Park, BaiMa, NanCheng District Dongguan, Guangdong China",True
Amperex Technology Ltd.,"No. 1 XingGang Road, ZhangWan Town Ningde, Fujian China",True
Amphenol Corporation,"Blk 6, The 4th Industrial Zone, Dawangshan, Shajing Town, Bao’an District Shenzhen, Guangdong China",True
Amphenol Corporation,"Block A3/A4, The 4th Industrial District of Industrial Headquarters, Dong Keng Road, Gong Ming Town Shenzhen, Guangdong China",True
Amphenol Corporation,"No. 689 Shen Nan Road, Xin Zhuang Industry Park Shanghai, China",True
Amphenol Corporation,"No. 98-5 (South), Road 19, Hangzhou Economic and Technological Development Zone Hangzhou, Zhejiang China",True
"Analog Devices, Inc.","Bay F-1, Raheen Industrial Estate Limerick, Ireland",True
"Analog Devices, Inc.","Km. 14 Parañaque City Cavite, Philippines",True
"Analog Devices, Inc.","Gateway Business Park, Javelera, Gen. Trias Cavite, Philippines",True
"Analog Devices, Inc.","NW Parker Street Camas, Washington USA",True
"Analog Devices, Inc.","JCAP: AKA Jiangyin Changdian Advanced Packaging, No. 275 Binjiang Rd Jiangyin, Jiangsu China",True
"Analog Devices, Inc.","SPECIAL ECONOMIC PROCESSING ZONE Factory Site P3 119 North Science Avenue, Laguna Technopark, Binan, Laguna Philippines",True
"Analog Devices, Inc.","KA Jiangyin Changdian Advanced Packaging Jiangyin, Jiangsu China",True
"Anjie Insulating Material Co., Ltd.","No 8, Fujing Road, GuangFu Town, Wuzhong District Suzhou, Jiangsu China",True
Arvato Digital,"112 Hidden Lake Circle Duncan, South Carolina USA",True
Arvato Digital,"235 King Street East Kitchener, Ontario Canada",True
Arvato Digital,"149 McCredie Street Smithfield, Australia",True
Arvato Digital,"4600 Commerce Crossing Drive Louisville, Kentucky USA",True
Arvato Digital,"162 Luixiu Road, 200231 Shanghai, China",True
Arvato Digital,"Benzstrabe, 9-15 Herzebrock, Germany",True
Arvato Digital,"2 Woodland Sector 1, #01-14, Woodland East Industrial Estate Singapore",True
Arvato Digital,"No. 9 Dai Hei Street Tai Po Industrial Hong Kong, China",True
Arvato Digital,"OPL Logistics 4F, Chuo Minato 1-9-2 Chuo-ku Chiba, Chiba Japan",True
Arvato Digital,"Willi-Bleicher-Strabe 36 Duren, Germany",True
Asahi Glass,"1-8 Machiikedai Koriyama, Fukushima Japan",True
Asahi Glass,"3583-5 Kawashiri, Yoshida-cho Haibara-gun, Shizuoka Japan",True
Asahi Glass,"SAHA Group Industrial Park Lamphun 99/39 Moo 5, T. Pasak, Muang Lamphun, Lamphun Thailand",True
Asahi Glass,"Umei 5-6-1, Takasagao City, Hyogo, 676-8655 Takasago, Japan",True
"Asia Vital Components, Ltd.","West Industry Park, XinYang Industrial Zone, Shajing Town, Bao’an District Shenzhen, Guangdong China",True
"Asia Vital Components, Ltd.","No. 5, Lane 8, RongJiang Road, Songjiang Export Processing Zone Shanghai, China",True
AT&S AG,"No. 5000, Jin Du Road, Shanghai, China",True
AU Optronics Corporation,10 Tampines Industrial Ave 3 Singapore,True
AU Optronics Corporation,"No. 1, JhongKe Road Central Taiwan Science Park Taichung, Taiwan",True
AU Optronics Corporation,"189, Hwaya Road 2, Kueishan Taoyuan, Taiwan",True
AU Optronics Corporation,"No. 1689 Xiang’An North Road, Xiang’An Branch, Torch Hi-tech Industrial Development Zone Xiamen, Fujian China",True
AU Optronics Corporation,"No. 1, Li-Hsin Road 2, Hsinchu Science Park Hsinchu, Taiwan",True
AU Optronics Corporation,"No. 398, Suhong Zhong Road, Suzhou Industrial Park, Suzhou, Jiangsu China",True
"Auras Technology Co., Ltd.","No. 20, Kezhu Road, Science City, Luogang District Guangzhou, Guangdong China",True
"Auras Technology Co., Ltd.","No. 46, Kunshan Export Processing Zone Kunshan, Jiangsu China",True
Austria Microsystems,"1001 Klein Road, Suite 300 Plano, Texas USA",True
Austria Microsystems,"B2-1D Carmelray Industrial Park II, Barangay Tulo Calamba, Laguna Philippines",True
Austria Microsystems,"Tobelbaderstrasse 30 Unterpremstaetten, Styria Austria",True
"Avago Technologies, Ltd.","4380 Ziegler Road Ft. Collins, Colorado USA",True
Avnet Electronics,"1820 McCarthy Blvd. Milpitas, California USA",True
Avnet Electronics,"2 Aljunied Ave 1, #03-01/02 Singapore",True
Avnet Electronics,"Block 16-3B, No. 69 Xi Ya Road, Waigaoqiao Free Trade Zone, Shanghai, China",True
Best Ever Industries Limited,"No. 1216 Lanhua Road, Jincheng Economic and Technology Development Zone Jincheng, Shanxi China",True
Biel Crystal Manufactory Ltd.,"Biel Crystal Industrial Park, Baishi, Qiuchang, Huiyang District Huizhou, Guangdong China",True
Biel Crystal Manufactory Ltd.,"Block A, 10/F., A1-A5, Mei Hing Ind. Bldg., 16-18 Hing Yip Street, Kwun Tong, Kowloon, Hong Kong, China",True
Biel Crystal Manufactory Ltd.,"No. 7, 4th Jinquan Road, Liuyue Village, Henggang District Shenzhen, Guangdong China",True
Biel Crystal Manufactory Ltd.,"TangJing Village, BaiShi, QiuChang Town, Huiayang District Huizhou, Guangdong China",True
"Bluecom Co., Ltd.","No. 5 Quan Xing Road, Wu Qing Developing Zone Tianjin, China",True
Brilliant International Group Ltd.,"Building 1, Linyuan Investment Park, Intersection of Yanhe Road and Shenzhou Xinzheng, Henan China",True
Brilliant International Group Ltd.,"Qiao Tou No.1 Industrial District, Lou Cun Community Council, Gong Ming Street, Guangming XinQu Shenzhen, Guangdong China",True
Broadway Industrial Group Ltd.,65 Chulia Street #48-03/04 OCBC Centre Singapore,True
Broadway Industrial Group Ltd.,"Block 34 East Juhuang Industrial Park, Dasan Village, Dasan Community Guanlan Community Office, Bao’an District Shenzhen, Guangdong China",True
Broadway Industrial Group Ltd.,No. 8 Guxu Road Pudong New District Shanghai China,True
Broadway Industrial Group Ltd.,"South Section Century Avenue Chongzhou City Chengdu, Sichuan China",True
BYD Company Ltd.,"No. 1, BaoPing Road, Baolong Industrial Town, Long Gang Shenzhen, Guangdong China",True
BYD Company Ltd.,"Xiangshui River, Economic Development Zone, Daya Bay Huizhou, Guangdong China",True
"Career Technology (Mfg.) Co., Ltd.","248, Bo-ai Street, Shulin District Taipei, Taiwan",True
"Career Technology (Mfg.) Co., Ltd.","No. 18 Jin-Sha-Jiang South Road, Kunshan, Jiangsu China",True
"Catcher Technology Co., Ltd.","No. 111, Chang Yang Street, Industrial Park, Suzhou, Jiangsu China",True
"Catcher Technology Co., Ltd.","Topo Technology (Suzhou) Co., Ltd. No. 111, Chang Yang Street, Industrial Park, Suzhou, Jiangsu China",True
"Catcher Technology Co., Ltd.","No. 107, Chang Yang Street, Industrial Park Suzhou, Jiangsu China",True
"Catcher Technology Co., Ltd.","No. 21, Gucheng Road, Suzhou-Suqian Industrial Park Suqian, Jiangsu China",True
"Catcher Technology Co., Ltd.","No. 6, Zhenxin West Road, Economic Development Park TaiZhou, Jiangsu China",True
Cheng Loong Corporation,"Building 3, Linyuan Investment Park, Intersection of Yanhe Road and Shenzhou, Xinzheng, Henan China",True
Cheng Loong Corporation,"The Fourth Road, Yue Yuan Industrial Estate Dongguan, Guangdong China",True
Cheng Loong Corporation,"Dong Yie Street, Industry District, Houjie Town, Dongguan, Guangdong China",True
Cheng Loong Corporation,"No. 399, Xiu Pu Road, Kang Qiao Industrial Zone Shanghai, China",True
Cheng Loong Corporation,"No. 48 Teng Feng Road Chengdu, Sichuan China",True
"Cheng Uei Precision Industry Co., Ltd. (Foxlink)","Block B, Investment Service Center, No. 180, Jianjun Road, Yancheng, Jiangsu China",True
"Cheng Uei Precision Industry Co., Ltd. (Foxlink)","Industry Street, Dong-Keng, Dongguan, Guangdong China",True
"Cheng Uei Precision Industry Co., Ltd. (Foxlink)","Ping Qian District, LongKong, Dong-Keng Town Dongguan, Guangdong China",True
"Cheng Uei Precision Industry Co., Ltd. (Foxlink)","Changlong District, Huangjiang Town, Dongguan, Guangdong China",True
"Cheng Uei Precision Industry Co., Ltd. (Foxlink)","Junda Industry District, Dongkeng Town Dongguan, Guangdong China",True
"Cheng Uei Precision Industry Co., Ltd. (Foxlink)","Chenguei Industry District, Dongkeng Town, Dongguan, Guangdong China",True
"Cheng Uei Precision Industry Co., Ltd. (Foxlink)","No. 18, Chung Shan Road, Tu Cheng Dist., New Taipei City, Taiwan",True
"Cheng Uei Precision Industry Co., Ltd. (Foxlink)","Fudong Electronic Factory Dongkeng Road Dongguan, Guangdong China",True
"Cheng Uei Precision Industry Co., Ltd. (Foxlink)","No. 6 Zheng Wei Road, Jin Xi Town Kunshan, Jiangsu China",True
Chimei Innolux Corporation,"168, Hezuo Road, Pixian, Chengdu, Sichuan China",True
Chimei Innolux Corporation,"No. 93, Fu Cheng West Road, Jingning Economic and Technological Development Zone Nanjing, Jiangsu China",True
Chimei Innolux Corporation,"H3 Block, K2 Zone Minqingbei Road, Bao’an District Shenzhen, Guangdong China",True
Chimei Innolux Corporation,"No. 12, Ke Jung Road Jhunan Science Park Miaoli, Taiwan",True
Chimei Innolux Corporation,"No. 458, Jung Shing Road, PingJen Taoyuan, Taiwan",True
"Coilcraft, Inc.","112, Jalan Sawit Baru 8, Taman Perindustrian Sawit Baru Kulai, Johor Malaysia",True
"Coilcraft, Inc.",Blk 512 Chai Chee Lane #03-15 Bedok Industrial Estate Singapore,True
"Coilcraft, Inc.","5, GuangTongNan Road, DongFeng West Street, Weinan Hi-Tech Zone Weinan, Shanxi China",True
"Coilcraft, Inc.","Xiyang Town, Meixian, Meizhou, Guangdong China",True
"Coilcraft, Inc.","Aster Lot SD 37, Bintan Industrial Estate Lobam, Bintan Indonesia",True
"Coilcraft, Inc.","Bac Chu Lai Industrial Park, Chu Lai Open Economic Zone Tam Hiep, Nui Thanh Tam Ky City, Quang Nam Vietnam",True
"Compeq Manufacturing Co., Ltd.","No. 168, Huguang Road, Huzhen Town, Boluo County Huizhou, Guangdong China",True
"Compeq Manufacturing Co., Ltd.","No. 91, Lane 814, Ta-Hsin Road, Shin Chuang Village, Lu Chu Hsiang, Taoyuan, Taiwan",True
Consolidated Graphics,"1245 Lakeview Drive Chaska, Minnesota USA",True
Consolidated Graphics,"Business Center Chrástany, Chrástany 207 Praha západ, Czech Republic",True
Consolidated Graphics,"2205 Joseph Street Medford, Oregon USA",True
Consolidated Graphics,"2661 South Pacific Highway, Medford, Oregon USA",True
Consolidated Graphics,"495-35 Hane, Hagiwara-cho, Gero-shi, Gifu Japan",True
Coretronic Corporation,"No. 68, QunXing 3rd Road, Suzhou Industrial Park Suzhou, Jiangsu China",True
Corning Incorporated,"12117, Obuchi, Kakegawa-shi, Shizouka, Japan",True
Corning Incorporated,"680 E. Office Street Harrodsburg, Kentucky USA",True
Corning Incorporated,"No. 33, Section 2, Haun Dong Road Tainan Science-based Industrial Park Tainan County Tainan, Taiwan",True
Corning Incorporated,"Rues Saint Laurent F-77167 Bagneaux-sur-Loing Bagneaux, France",True
Cowell Optic Electronics Ltd.,"No. 1, Songbai R/D, Huanan Ind. Zone, Liaobu Dongguan, Guangdong China",True
Cymmetrik Shenzen Printing Co.,"8th Factory, Industrial Park of Weishi County Kaifeng, Henan China",True
Cymmetrik Shenzen Printing Co.,"No. 168, Chunyang Road, Lujia Town Kunshan, Jiangsu China",True
Cymmetrik Shenzen Printing Co.,"Xinhua Road, Xingwei Community, Fuyong Street, Bao’an Shenzhen, Guangdong China",True
Cypress Semiconductor Corporation,"2401 East 86th Street Bloomington, Minnesota USA",True
Cypress Semiconductor Corporation,"Gateway Business Park, SEPZA, Barangay, Javalera, General Trias Cavite, Philippines",True
"Dai-Ichi Seiko Co., Ltd.","100 Baiyun Road, Minhang(SMEDZ) Shanghai, China",True
"Dai-Ichi Seiko Co., Ltd.",55 Yishun Industrial Park A. Singapore,True
"Dai-Ichi Seiko Co., Ltd.","12 Hokuryo-cho Matsue, Shimane Japan",True
"Dai-Ichi Seiko Co., Ltd.","863 Mitsusawa Ogori, Fukuoka Japan",True
"Dai-Ichi Seiko Co., Ltd.","169 Bei Dou Road, Minhang (SMEDZ) Shanghai, China",True
"Dai-Ichi Seiko Co., Ltd.","Block 2 Woodlands Sector 1, #01-24, Woodlands Spectrum 1 Singapore",True
"Dai-Ichi Seiko Co., Ltd.","2455-1 Takata, Chikuzen-machi Asakura-gun, Fukuoka Japan",True
"Daikin Industries, Ltd.","1-1, Nishi-Hitotsuya, Settsu, Osaka, Japan",True
"Daikin Industries, Ltd.","2252 State Docks Road, Decatur, Alabama USA",True
Daishinku Corporation (Kds),"20013-2 Kawaminami Kawaminami-cho Koyu-Gun, Miyazaki Japan",True
Daishinku Corporation (Kds),"No. 8 Fuyuan Road Wuqing Development Zone Tianjin, China",True
Daishinku Corporation (Kds),"2082 Maesaka Kurodasho-cho Nishiwaki, Hyogo Japan",True
Daishinku Corporation (Kds),"7-3-21 Wakabadai-Minami Tottori, Tottori Japan",True
Daishinku Corporation (Kds),"Block O-20, O-21 Kawasan Berikat MM2100 Industrial Town Chikaran Barat, Bekasi Jawa Barat, Jakarta Indonesia",True
Darfon Electronic Corp.,"21 Industry 2nd Road Tainan, Taiwan",True
Darfon Electronic Corp.,"99 Zhu Yuan Road, New District Suzhou, Jiangsu China",True
Darfon Electronic Corp.,"No. 8, The Sixth Industrial District, Xiacun Village, Gongming Town, Bao’an District Shenzhen, Guangdong China",True
Delta Electronics Inc.,"2 R&D 2nd Road, Science-Based Industrial Park Hsinchu, Taiwan",True
Delta Electronics Inc.,"No. 168, No. 15 Coastal Way, Tianjin Port Free Trade Zone Tianjin, China",True
Delta Electronics Inc.,"Wellgrow Industrial Estate, 111 Moo 9, Soi 11, Bangna-Trad Road, Tambol Bangwua Bang Pakong, Chachoengsao Thailand",True
Delta Electronics Inc.,"No. 1688, Jiangxing East Road, Wujiang Eco and Tech Development Zone Wujiang, Jiangsu China",True
Delta Electronics Inc.,"No. 168 Kat City Road, Wujiang Yun Dong Economic Development Zone, Song Ling Town Wujiang, Jiangsu China",True
Delta Electronics Inc.,"Chen Zhou Export Processing Zone, Bai Lu Tang Town, Su Xian District Chenzhou, Hunan China",True
Delta Electronics Inc.,"No. 1688 Jiang Xing East Road, Economy Development Zone Wujiang, Jiangsu China",True
Delta Electronics Inc.,"Delta Plant 2, Delta Industrial Estate, Shijie Town 523308 Dongguan, Guangdong China",True
Delta Electronics Inc.,"No. 688 Xiuhu West Road, Wujiang Yun Dong Economic Development Zone, Song Ling Town Wujiang, Jiangsu China",True
Deufol Sunman,"924 South Meridian Street Sunman, Indiana USA",True
"Diodes, Inc.","777 N.W. Blue Parkway, Suite 350 Lee’s Summit, Missouri USA",True
"Diodes, Inc.","No. 999 Chenchun Road, Xinqiao Town Shanghai, China",True
"Diodes, Inc.","Waldweg 7 Neuhaus am Rennweg, Thuringia Germany",True
"Diodes, Inc.","Zetex Technology Park Chadderton, Oldham United Kingdom",True
Dover Corporation,"379 Middle Suhong Road, Suzhou Industrial Park, Suzhou, Jiangsu China",True
Dover Corporation,"No. 20 Tongji South Road, Beijing Economic-Technological Development Area, Beijing, China",True
DSM,"No. 18 Pan Long Shan Road Jiangyin, Jiangsu China",True
DSM,"Poststraat 1, 6135 KR Sittard, Netherlands",True
Dynacast International Inc.,"No. 88 Qiufu Road District, Fumin Industrial Park 2, Dalang Dongguan, GuangDong China",True
Dynacast International Inc.,No. 6 Second Chin Bee Road Singapore,True
"Dynamic Electronics Co., Ltd.","No. 1688, Jinshajiang North Road, Kunshan, Jiangsu China",True
"Dynamic Electronics Co., Ltd.","No. 356, Shaning Road, Gueishan, Taoyuan, Taiwan",True
Dynapack International Technology,"No. 8 Hua-Gang Road, Wujiang Economic and Technological Development Zone Suzhou, Jiangsu China",True
"E-Litecom Co, Ltd.","1st Standard Workshop, 117th Meiyu Road, Wuxi New District. Wuxi, Jiangsu China",True
"Elpida Memory, Inc.","7-10, Yoshikawa Kogyo Danchi, Higashi Hiroshima-shi Higashi, Hiroshima Japan",True
"Elpida Memory, Inc.","89-2, Yamada, Yuwaishida, Akita-shi, Akita Japan",True
"Elpida Memory, Inc.","No. 429-1 Sanfong Road, Houli District Central Taiwan Science Park Taichung, Taiwan",True
Emerson Electric Co.,"1st Building Emerson Industrial Park FengTang Road Fuyong, Bao’an District Shenzhen, Guangdong China",True
Emerson Electric Co.,"Main Avenue Corner Road J, PEZA Complex Rosario, Cavite Philippines",True
Emerson Electric Co.,"No. 68 Baocheng Road East, Fucheng Town LuoDing City, China",True
Fairchild Semiconductor International,"1 Sutong Road, China-Singapore Suzhou Industrial Park Suzhou, Jiangsu China",True
Fairchild Semiconductor International,"Bayan Lepas Free Industrial Zone Penang, Malaysia",True
Fairchild Semiconductor International,"333 Western Avenue South Portland, Maine USA",True
Fairchild Semiconductor International,"Crestwood Industrial Park, 125 Crestwood Road Mountain Top, Pennsylvania USA",True
Fairchild Semiconductor International,"3333 West 9000 South West Jordan, Utah USA",True
Fairchild Semiconductor International,"MEPZ 1 Lapulapu City, Cebu Philippines",True
Fairchild Semiconductor International,"420-711 82-3, Dodang-Dong, Wonmi-District Bucheon City, Gyeonggi- do South Korea",True
FLEXium Interconnect Inc.,"No. 1399 Hanpu Road, Hi-Tech Industrial Park, Kunshan, Jiangsu China",True
FLEXium Interconnect Inc.,"No. 23, Juguang 1st Street, Tafa Industrial Park, Daliao District Kaoshiung, Taiwan",True
"Flextronics International, Ltd.","Economic and Technology Development Development Zone Ganzhou, Jiangxi China",True
"Flextronics International, Ltd.","Flextronics Industrial Zone, Shi Da Road, Da Ling Shan Dongguan, Guangdong China",True
"Flextronics International, Ltd.","Mechanical Industrial Zone, Shida Road, Dalingshan Town DongGuan, Guangdong China",True
"Flextronics International, Ltd.","No. 7, Jalan Keluli 1 Kawasan Perindustrian Bukit Raja Seksyen 7 Shah Alam, Selangor Malaysia",True
"Fortune Grand Enterprise Co., Ltd.","2nd Industrial Zone Dajintou, Dalang Town Dongguan, Guangdong China",True
"Fortune Grand Enterprise Co., Ltd.","No. 35, Chunqiu Rd, Panyang Industrial Zone Huangda Town, Xiang Cheng District Suzhou, Jiangsu China",True
"Foster Electric Co., Ltd.","Jiu Shui Keng Cun, Da Long Jie, Panyu Qu Guangzhou, Guangdong China",True
"Foster Electric Co., Ltd.","Street 1, Hoa Cam Industrial Zone, Cam Le District, Danang, Vietnam",True
"Foster Electric Co., Ltd.","No. 138, Panjiang East Road, Gaozhou, Guangdong China",True
"Foster Electric Co., Ltd.","Workshop No. 1, Candy and Food Industrial Area, Chongzuo City Industrial Zone Chongzuo, Guangxi China",True
"Foster Electric Co., Ltd.","No. 1, Street 11, VSIP Bac Ninh, Tu Son, Bac Ninh Vietnam",True
"Foster Electric Co., Ltd.","Workshop No. 1, Foshan (YunFu) Industrial Transfer Park, Du Yang Town, Yuncheng District, Yunfu, Guangdong China",True
"Foster Electric Co., Ltd.","No. 20, VSIP II Street 5, Vietnam Singapore Industrial Park II (VSIP II), Binh Duong Industry Service-Urban Complex, Thu Dau Mot District HoChiMinh City, Binh Duong Vietnam",True
"Foster Electric Co., Ltd.","Workshop No. 7 1 ZongBu Road Nanning New and High-Tech Industrial Development Zone Nanning, Guangxi China",True
Fujikura Ltd.,"1/80 Moo 5, Rojana Industrial Park, Rojana Road, Tambol Kanham, Amphur U-Thai, Pranakorn, Ayutthaya Thailand",True
Fujikura Ltd.,"No. 888 Zhaoxian Road, Jiading Industrial Zone, Shanghai, China",True
Fujikura Ltd.,"101/2 Moo 20, Navanakorn Industrial Zone, Phaholyothin Road, Tambol Klong-Nueng, Klongluang, Pathumthani Thailand",True
Fujikura Ltd.,"Navanakorn Industrial Estate 55/25 Moo 13, T. Khlong - Nueng, A. Klong - Luang Klongluang, Pathumthani Thailand",True
Fujikura Ltd.,"14 Matsuyama-cho Moka, Tochigi Japan",True
Fujikura Ltd.,"Building 56A, NuRi Ying North Road Waigaoqiao Free Trade Zone Shanghai, China",True
Furukawa Electric Co. Ltd,"No. 169, PuTian Road, WeiTing Town, Suzhou Industrial Zone Suzhou, Jiangsu China",True
"Genius Electronic Optical Co., Ltd.","1 Keya East Road, Daya District, Taichung Central Taiwan Science Park Taichung, Taiwan",True
"Genius Electronic Optical Co., Ltd.","No. 8 Chuangxin Road, Torch Hi-Tech Industrial Zone Xiamen, Fujian China",True
GoerTek Inc.,"No. 268 Dongfang Road, High-Tech Industrial Development District Weifang, Shandong China",True
GoerTek Inc.,"West Changan South Road and North Tengfei Road, Yishui County Linyi, Shandong China",True
Gold Circuit Electronics,"No. 113 Shi Yuan Road, ChungLi Industrial Park Taoyuan, Taiwan",True
Gold Circuit Electronics,"No. 8 Dongnan Road, Changshu Southeast E.D.A. Changshu, Jiangsu China",True
"Hama Naka Shoukin Industry Co., Ltd.","No. 1 Gaoding Road, Kunshan Development Zone Suzhou, Jiangsu China",True
Hanson Metal Factory. Ltd.,"Gan Po Village, Zhen Long, Hui Yang District Huizhou, Guangdong China",True
Hanson Metal Factory. Ltd.,"No. 155 Hua Mei Mid-Road, Huang Ge Keng, Longgang District Shenzhen, Guangdong China",True
Hanson Metal Factory. Ltd.,"No. 5 Industrial Park, Daxin Group, Chen Jiang Town Huizhou, Guangdong China",True
Hanson Metal Factory. Ltd.,"Tangxia Chanjing Village, Xin Xu Town, Hui Yang District Huizhou, Guangdong China",True
Henkel Ag & Co.,"137 Folly Mill Road, Seabrook, New Hampshire USA",True
Henkel Ag & Co.,"No. 90 Zhu Jiang Road, Yantai Economic Technological Development Zone, Yantai, Shandong China",True
Henkel Ag & Co.,"18731 Cranwood Parkway, Cleveland, Ohio USA",True
Henkel Ag & Co.,"Quilinchini Avenue 9, Sabana Grande, Puerto Rico",True
Henkel Ag & Co.,"28 Norfolk Avenue, South Easton, Massachusetts USA",True
Henkel Ag & Co.,"Kirchheimer Street 9 Bopfingan, Germany",True
Heptagon Advanced Micro-Optics Pte Ltd.,"26 Woodlands Loop, Level 1, Singapore",True
Heptagon Advanced Micro-Optics Pte Ltd.,"87 Defu Lane 10, #04-00 Singapore",True
Heptagon Advanced Micro-Optics Pte Ltd.,"Heptagon Micro Optics Pte Ltd. 87 Defu Lane 10, Singapore",True
Hi-P International Ltd.,"Blk 3 and 4, No. 955, Jinhai Road, Pudong New Area Shanghai, China",True
Hi-P International Ltd.,"No. 96, Jinwen Road, Pudong New Area Shanghai, China",True
Hi-P International Ltd.,"No. 77, Jinwen Road, Zhuqiao Airport Industrial Zone, Pudong New Area Shanghai, China",True
Hi-P International Ltd.,"No. 79, Jinwen Road, Zhuqiao Airport Industrial Zone, Pudong New Area Shanghai, China",True
"Hirose Electric Co., Ltd.","1-23, Yoshinosawa, Shikura-cho Iwaki, Fukushima Japan",True
"Hirose Electric Co., Ltd.","3215, Shimoizawa, Fuchumachi Toyama, Toyama Japan",True
"Hirose Electric Co., Ltd.","55-1, Jiwari, Tagusari Miyako, Iwate Japan",True
"Hirose Electric Co., Ltd.","1261-10, Jeongwang-Dong Sheung, Gyeonggi-do South Korea",True
"Hirose Electric Co., Ltd.","415 Funahashi, Funahashi Ville, Nakaniwa County Toyama, Toyama Japan",True
"Hirose Electric Co., Ltd.","2-31-1 Toyomane, Yamadacho, Shimoheigun Miyako, Iwate Japan",True
"Hirose Electric Co., Ltd.","46-3 Aza Nishi, Niida Tagajou, Miyagi Japan",True
"Hirose Electric Co., Ltd.","21-2 Kubota Dai-2 Chiwariaza Akamae Miyako, Iwate Japan",True
"Hirose Electric Co., Ltd.","509-36, Soejima, Fuchumachi Toyama, Toyama Japan",True
Hitachi-LG Data Storage,"No. 42 Huifeng Road 4, Zhongkai Hi-Tech Industry Development Zone Huizhou, Guangdong China",True
"Hon Hai Precision Industry Co., Ltd. (Foxconn)","10th Yousong Industrial District, Longhua Town, Bao’an Shenzhen, Guangdong China",True
"Hon Hai Precision Industry Co., Ltd. (Foxconn)","888. He Zhou Road, Bao’an Qu Shenzhen, Guangdong China",True
"Hon Hai Precision Industry Co., Ltd. (Foxconn)","Area A: Building A08, No. 8 Kexin Road, Cheng-Du Hi-Tech Zone Chengdu, Sichuan China",True
"Hon Hai Precision Industry Co., Ltd. (Foxconn)","Foxconn Guanlan Technology Park B District, Da San Community, Guanlan Town, Bao’an Shenzhen, Guangdong China",True
"Hon Hai Precision Industry Co., Ltd. (Foxconn)","Guanlan Technology Park, Da Shui Keng Community, Guanlan Town, Bao’an Shenzhen, Guangdong China",True
"Hon Hai Precision Industry Co., Ltd. (Foxconn)","No. 1 Longfei Street, Economy-Technology Development Zone Taiyuan, Shanxi China",True
"Hon Hai Precision Industry Co., Ltd. (Foxconn)","1705 Junction Court, Suite 200, San Jose, California USA",True
"Hon Hai Precision Industry Co., Ltd. (Foxconn)","889. Fushikang Road, Hi-Tech Industrial Park Kunshan, Jiangsu China",True
"Hon Hai Precision Industry Co., Ltd. (Foxconn)","B1 Building, Fuyu Electronical Technology (Huaian) Co., Ltd., No. 168 Foxconn Rd Fuyu Electronical Technology (Huaian) Co., Ltd., HuaiAn, Jiangsu China",True
"Hon Hai Precision Industry Co., Ltd. (Foxconn)","Foxconn Guanlan Technology Parkway Da Shui Keng Village, Guanlan Town, Bao’an Shenzhen, Guangdong China",True
"Hon Hai Precision Industry Co., Ltd. (Foxconn)","HuLing Industry Park, HuangHe River Road Jiyuan, Henan China",True
"Hon Hai Precision Industry Co., Ltd. (Foxconn)","No. 2, 2nd DongHuan Road, 10th Yousong Industrial District, Longhua Sub-district, Bao’an Shenzhen, Guangdong China",True
"Hon Hai Precision Industry Co., Ltd. (Foxconn)","37 Street, Dinh Tram Industry Park, Viet Yen District Viet Yen, Bac Giang Vietnam",True
"Hon Hai Precision Industry Co., Ltd. (Foxconn)","889. ZiZhu Road, Hi-Tech Industrial Park Kunshan, Jiangsu China",True
"Hon Hai Precision Industry Co., Ltd. (Foxconn)","Building A and D, Avenue Caminho de Goias, 100, Bairro dos Fernandes, Jundiai Brazil",True
"Hon Hai Precision Industry Co., Ltd. (Foxconn)","Foxconn Taiyuan Technology Park, Longfei Street, Xiao Dian Community Taiyuan, Shanxi China",True
"Hon Hai Precision Industry Co., Ltd. (Foxconn)","Jin Cheng Economic and Technology Development Zone Jincheng, Shanxi China",True
"Hon Hai Precision Industry Co., Ltd. (Foxconn)","No. 168, Foxconn Road HuaiAn, Jiangsu China",True
"Hon Hai Precision Industry Co., Ltd. (Foxconn)","880. Zi-Zhu Road, Hi-Tech Industrial Park Kunshan, Jiangsu China",True
"Hon Hai Precision Industry Co., Ltd. (Foxconn)","A3 Building BaoYuan Technology Area, Shenzhen, Guangdong China",True
"Hon Hai Precision Industry Co., Ltd. (Foxconn)","Foxconn BaoYuan Technology Area, Guan Guang Road Guanlan Dashuikeng Community, Guanlan Town, Bao’an District Shenzhen, Guangdong China",True
"Hon Hai Precision Industry Co., Ltd. (Foxconn)","General Bonded Zone, East ZhenXing Road, Zhengzhou Airport Zhengzhou, Henan China",True
"Hon Hai Precision Industry Co., Ltd. (Foxconn)","Longhe Technology Industry Zone, Southern Construction Road, Anci District Langfang, Hebei China",True
"Hon Hai Precision Industry Co., Ltd. (Foxconn)","No. 1925, Nanle Road Songjiang Export Processing Zone, Shanghai, China",True
"Hon Hai Precision Industry Co., Ltd. (Foxconn)","No. 199, FuShiKang Road, Hi-Tech Industrial Park, Yu Shan Town Kunshan, Jiangsu China",True
"Hon Hai Precision Industry Co., Ltd. (Foxconn)","Standard Factory No. 7 Zhengzhou Economic and Technological Area, No. 9 Street Export Processing Zone East Hanghai Road Zhengzhou, Hebei China",True
"Hon Hai Precision Industry Co., Ltd. (Foxconn)","No. 299 NanSong Road, YuShan Town Kunshan, Jiangsu China",True
"Hon Hai Precision Industry Co., Ltd. (Foxconn)","No. 99 FuXing Avenue, XiTang Town, JiaShanCity JiaXing, ZheJiang China",True
"Hon Hai Precision Industry Co., Ltd. (Foxconn)","No. 99 JianNan Road, JianNan Street Fengcheng, Jiangxi China",True
"Hony Glass Technology Co., Ltd.","No. 3 Industrial Park, Luotian Village, Shenzhen, Guangdong China",True
"Hony Glass Technology Co., Ltd.","No. 696, Xinpu South Road, Shipu Street (Airport Road) Kunshan, Jiangsu China",True
Hynix Semiconductor Inc.,"125 Hyangjeong-dong, Hungduk-gu Cheongju, Chungcheongbuk-do South Korea",True
Hynix Semiconductor Inc.,"55 Hyangjeong-dong, Hungduk-gu Cheongju, Chungcheongbuk-do South Korea",True
Hynix Semiconductor Inc.,"Lot K7, Wuxi Export Processing Zone Wuxi, Jiangsu China",True
Hynix Semiconductor Inc.,"San 136-1, Ami-ri, Bubal-eub Icheon-si, Gyeonggi-do South Korea",True
"Ibiden Co., Ltd.","300, Aoyanagi-cho Ogaki, Gifu Japan",True
"Ibiden Co., Ltd.","No. 1049, Jalan Perindustrian Bukit Minyak 8, Kawsan Perindustrina Bukit Minyak Simpang Ampart, Penang Malaysia",True
"Ibiden Co., Ltd.","No. 15, Rongchang East Street, BDA Beijing, China",True
Infastech Fastening Systems Limited,"A Block, 4th Industrial District, Bi Tou Community, Bao’an Shenzhen, Dongguan China",True
Infastech Fastening Systems Limited,"No. 11, Zhongxin Road, Kengzi Street, Pingshang New Region Shenzhen, Guangdong China",True
Infastech Fastening Systems Limited,"No. 9 Xixia Road, Wuxi, Jiangsu China",True
Infineon Technologies AG,"Free Trade Zone, Jalan Batu Berendam Batu Berendam, Malacca Malaysia",True
Infineon Technologies AG,"Wernerwerkstr. 2, Regensburg, Bavaria Germany",True
Infineon Technologies AG,"Königsbrücker Street 180 Dresden, Saxony Germany",True
Infineon Technologies AG,"Lot 10 and 11, Kulim Hi-Tech Park, Kedah Darul Aman, Jalan Hi-Tech 7, Industrial Zone Phase II Kulim, Kedah Malaysia",True
Infineon Technologies AG,"Siemensstrasse 2 Villach, Bavaria Germany",True
Intel Corporation,"109 Huaihe East Road Dalian, Liaoning China",True
Intel Corporation,"Bayan Lepas Industrial Park IV Penang, Malaysia",True
Intel Corporation,"Gateway Business Park, SEPZ General Trias Cavite, Philippines",True
Intel Corporation,"No. 8-1 Kexin Road High-Tech Zone (West Park) Chengdu, Sichuan China",True
Intel Corporation,"2501 N.W. 229th Avenue Hillsboro, Oregon USA",True
Intel Corporation,"Calle 129 La Ribera Belen, Costa Rica",True
Intel Corporation,"Lot 12, Saigon Hi-Tech Park, District 9 HoChiMinh City, Binh Duong Vietnam",True
Intel Corporation,"Rio Rancho Blvd. S.E. Rio Rancho, New Mexico USA",True
Intel Corporation,"4500 South Dobson Road Chandler, Arizona USA",True
Intel Corporation,"Capronilaan 37 Schiphol-Rijk, Netherlands",True
Intel Corporation,"New Industrial Area 2 Tzoran Street Kiryat Gat, Israel",True
Intel Corporation,"WGQ Bonded Logistics Zone No. 90 ShenYa Road Shanghai, China",True
Intel Corporation,"5000 W. Chandler Blvd. ADC Building Chandler, Arizona USA",True
Intel Corporation,"Collinstown Industrial Park Leixlip, Ireland",True
Intel Corporation,"No. 6 Guanglan Road, Futian Free Trade Zone Shenzhen, Guangdong China",True
"Interflex Co., Ltd.","635-2, 608 block 3 route, Seonggok-dong, Danwon-gu Ansan, Gyeonggi-do South Korea",True
"Interflex Co., Ltd.","685, Buk-ri, Namsa-myeon, Cheoin-gu Yongin, Gyeonggi-do South Korea",True
"Interflex Co., Ltd.","930, Gosaek-dong, Gwonseon-gu Suwon, Gyeonggi-do South Korea",True
International Paper Co.,"6400 Poplar Avenue Memphis, Tennessee USA",True
International Rectifier Corporation,"Cardiff Road Newport, South Wales United Kingdom",True
International Rectifier Corporation,"Prol. Los Cabos 9234, Parque Industrial Pacífico, Tijuana, Baja California Mexico",True
Intersil Corporation,"1001 Murphy Ranch Road Milpitas, California USA",True
IntraMedia,"No. 11 Haiyi Road, ChongTou Community, ChangAn Town Dongguan, Guangdong China",True
IntraMedia,"No. 189 Tangzhuang Road, SuZhou Industrial Park Suzhou, Jiangsu China",True
Inventec Appliances Corporation,"No. 789, Pu Xing Road, Shanghai, China",True
Jabil Circuit Inc.,"128 Jun Cheng Road Economic and Technology Development District Guangzhou, Guangdong China",True
Jabil Circuit Inc.,"No. 266, Sec. 1, Shen-Lin Road Ta Ya 428 Taichung, Taichung, Taiwan",True
Jabil Circuit Inc.,"Lot J9, J10 Export Processing Zone Wuxi, Jiangsu China",True
Jabil Circuit Inc.,"No. 7, Yang Qing Road, Lou Feng Demonstrative Zone Suzhou, Jiangsu China",True
Jabil Circuit Inc.,"No. 84-2, Block B, NationalA Hi-Tech, Ind Demonstrative Zone WuXi, Jiangsu China",True
Jabil Circuit Inc.,"No. 9, Xuedian Road, No. 84-2, Block B, National Hi-Tech Industrial Development Zone Wuxi, Jiangsu China",True
"Japan Aviation Electronics Industry, Ltd.","3018 Uchino Oshino-mura Minamitsuru, Yamanashi Japan",True
"Japan Aviation Electronics Industry, Ltd.","4102-6, Aza Takadaishinden, Oaza Izumida Shinjo, Yamagata Japan",True
"Japan Aviation Electronics Industry, Ltd.","5-1, Oaza Seinofukuro 5-chome Hirosaki, Aomori Japan",True
"Japan Display, Inc.","1-1, Iwauchi-machi Nomi, Ishikawa Japan",True
"Japan Display, Inc.","26-2, Yamadasenden, Kawakita Nomi-gun, Ishikawa Japan",True
Kyocera Corporation,"1-1 Kokubuyamashita-cho Kirishima, Kagoshima Japan",True
Kyocera Corporation,"8 Jing Ci Road, New City District, Shilong Town, Dongguan, Guangdong China",True
Kyocera Corporation,"1166-6, Nagatanino, Hebimizo-cho, Higashiomi, Shiga Japan",True
Kyocera Corporation,"8, Beijing Road, Zhangjiagang Free Trade Zone, Zhangjiagang, Jiangsu China",True
Kyocera Corporation,"1810 Taki-cho Satsumasendai, Kagoshima Japan",True
Kyocera Corporation,"No. 2077 New Jin Qiao Road, Pudong, Shanghai, China",True
Kyocera Corporation,"3-11-1, Osachikohagi Okaya, Nagano Japan",True
Kyocera Corporation,"Sekigiken Co., Ltd. 354-32, Hayakawa Minami Uonuma, Niigata Japan",True
Laird Technologies,"No. 398, Lane 3088 Hua Ning Road, Xin Zhuang Industrial Zone Shanghai, China",True
"Largan Precision Co., Ltd.","No. 11, Jingke Road, Nantun District Taichung, Taiwan",True
"Largan Precision Co., Ltd.","No. 18, Tutong First Industrial District, Tutong, Changping Dongguan, Guangdong China",True
Lateral Solutions Pte Ltd.,"No. 158 Fengjiang Road (Jinchang Road), Mu Du Suzhou, Jiangsu China",True
Lateral Solutions Pte Ltd.,"No. 4 Jalan Gemilang 3, Taman Perindustrian Desa Cemerlang, Ulu Tiram Johor Bahru, Malaysia",True
Lateral Solutions Pte Ltd.,"No. 2 Wuqing New Century Economic Area, Senmiao Road Tianjin, China",True
"Lens One Technology (Shenzhen) Co., Ltd.","Lens Technology Zone, Changsha National Biomedical Industrial Estate Liuyuan, Hunan China",True
"LG Chem, Ltd.","599 Yongje-dong Iksan, Jeollabuk-do South Korea",True
"LG Chem, Ltd.","8B Ochang Scientific Local Industrial Complex 1114-Namchon-ri Oksan-Myeon, Cheongwon-Gun Ochang, Chungcheongbuk-do South Korea",True
"LG Chem, Ltd.","No. 17 Hengyi Road, Nanjing, Economic and Technical Development Zone, LG Chem (Nanjing) l&E Materials Co., Ltd Nanjing, Jiangsu China",True
"LG Chem, Ltd.","Oksan-myeon Nanchonri 1114-1 LG CHEM Ochang TechnoPark Chengwon Gun, Chungcheongbuk-do South Korea",True
"LG Display Co., Ltd.","1007, Deogeun-ri, Wollong-myeon Paju, Gyeonggi-do South Korea",True
"LG Display Co., Ltd.","No. 2 Beijing Middle Road, Development Zone Yantai, Shandong China",True
"LG Display Co., Ltd.","1271, Deokeun-ri, Wollong-myeon Paju, Gyeonggi-do South Korea",True
"LG Display Co., Ltd.","No. 1, LG Road, LG Industrial Park, Nanjing Economic and Technological Development Zone Nanjing, Jiangsu China",True
"LG Display Co., Ltd.","161, Imsoo-dong Gumi, Gyeongsangbuk-do South Korea",True
"LG Display Co., Ltd.","No. 59 Kaitai Road, Science City of Guangzhou High-Tech Industrial Development Zone, 510663 Guangzhou, Guangdong China",True
"LG Display Co., Ltd.","Jinpyeong-dong 642-3 Gumi, Gyeongsangbuk-do South Korea",True
"LG Innotek Co., Ltd.","50-9, Suchul-daero 7-gil Gumi, Gyeongsangbuk-do South Korea",True
"LG Innotek Co., Ltd.","93, 2 sunhwan-ro 971beon-gil, Heungdeok-gu Cheongju, Chungcheongbuk-do South Korea",True
Linear Technology Corporation,"1630 McCarthy Blvd. Milpitas, California USA",True
Linear Technology Corporation,"4200 N.W. Pacific Rim Blvd. Camas, Washington USA",True
Linear Technology Corporation,"507 Yishun Industrial Park A, Singapore",True
Linear Technology Corporation,"Plot 21(B), Phase 4, Bayan Lepas Free Industrial Zone Bayan Lepas, Penang Malaysia",True
Lite-On Technology Corporation,"No. 1, Zhen An Road, Shang Jiao Section, Chang An Town Dongguan, Guangdong China",True
Lite-On Technology Corporation,"No. 88 Yanghu Road, Wujin Hi-Tech Industrial Development Zone Changzhou, Jiangsu China",True
Lite-On Technology Corporation,"No. 11 Fu-Yuan Road, Wuqing Development Area, Tianjin, China",True
Longwell Company,"No. 269 Dong Jin Road, Hedong Hi-Tech Industrial Park, Wuzhong District Suzhou, Jiangsu China",True
Longwell Company,"Tong Fu Yu Road, Tang Xia Chong 2nd Industrial Park, Song Gang, Paoan Ward, Shenzhen, Guangdong China",True
Luxshare-Ict Co. Ltd.,"No. 158, Jinchang Road, Jinxi Town Kunshan, Jiangsu China",True
"Macronix International Co., Ltd.","No. 16, Li-Hsin Road, Science Park Hsinchu, Taiwan",True
"Macronix International Co., Ltd.","No. 8, Creation Road IV, Science Park, Hsinchu, Taiwan",True
Magnachip Semiconductor Corporation,"1 Hyangjeong-Dong, Heungdeok-Gu Heungdeok-Gu, Cheongju South Korea",True
"Marian, Inc.","1011 East Saint Clair Street Indianapolis, Indiana USA",True
"Marian, Inc.","Floor 2, Building 3, Chaohuilou Technology Industrial Park, 119 Huating Road, Da Lang, Longhua Shenzhen, Guangdong China",True
"Marian, Inc.","Floor 2, Building 3, Chaohuilou Technology Industrial Park,180 Huating Road, Da Lang, Longhua Shenzhen, Guangdong China",True
"Marian, Inc.","Unit 2D, Suchun Industrial Square 428 Xinglong Street, Suzhou Industrial Park Suzhou, Jiangsu China",True
Maxim Integrated Products Inc.,"120 San Gabriel Drive Sunnyvale, California USA",True
Maxim Integrated Products Inc.,"4401 S. Beltwood Pkwy. Dallas, Texas USA",True
Maxim Integrated Products Inc.,"First Phil Industrial Park, Sto. Tomas, Batangas Batangas, Philippines",True
Maxim Integrated Products Inc.,"14320 S.W. Jenkins Road Beaverton, Oregon USA",True
Maxim Integrated Products Inc.,"700/114 Amata Nakorn Industrial Estate Moo 5 Tambon Klong Tamru, Muang District, Chonburi, Chonburi Thailand",True
Maxim Integrated Products Inc.,"Gateway Business Park, Barangay, Javalera, General Trias, Cavite, Philippines",True
Maxim Integrated Products Inc.,"160 Rio Robles San Jose, California USA",True
Maxim Integrated Products Inc.,"7250 N.W. Evergreen Pkwy. Hillsboro, Oregon USA",True
Maxim Integrated Products Inc.,"3725 N. First Street San Jose, California USA",True
Maxim Integrated Products Inc.,"9651 Westover Hills Blvd. San Antonio, Texas USA",True
"Mega Precision Technology, Ltd.","Yuquan Industrial District, Fenggang Town, Dongguan, Guangdong China",True
"Meiko Electronics Co., Ltd.","9 Shenlong Road, Wuhan Economic and Technological Development Zone Wuhan, Hubei China",True
"Micron Technology, Inc.",1 North Cost Drive Singapore,True
"Micron Technology, Inc.","9600 Godwin Drive Manassas, Virginia USA",True
"Micron Technology, Inc.",1 Woodlands Industrial Park D. Singapore,True
"Micron Technology, Inc.","Ha’avatz 11, Industrial Zone Kiryat Gat, Israel",True
"Micron Technology, Inc.","1550 E. 3400 Street Lehi, Utah USA",True
"Micron Technology, Inc.","667 Fuhsing 3rd Road, Hwa-Ya Technology Park, Kueishan Taoyuan, Taiwan",True
"Minebea Co., Ltd.","5/2 Moo 8, Phaholyothin Road, Km. 149 Tambon Nikhom Sang Ton-Eng Muang Lopburi, Lopburi Thailand",True
"Minebea Co., Ltd.","No. 1 Tongsheng Road, Suzhou Industrial Park Suzhou, Jiangsu China",True
"Mitsumi Electric Co., Ltd.","1-1059-5, Tachiyazawa Yamagata-shi, Yamagata Japan",True
"Mitsumi Electric Co., Ltd.","No. 23 Xiang Jiang 1 Road Qingdao Economic and Technical Development Zone Qingdao, Shandong China",True
"Mitsumi Electric Co., Ltd.","1007-39, Izumisawa Chitose, Hokkaido Japan",True
"Mitsumi Electric Co., Ltd.","1601, Sakai Atsugi-shi, Kanagawa Japan",True
"Mitsumi Electric Co., Ltd.","MRI Special Economic Zone, Sabang Danau, Cebu Philippines",True
Molex Inc.,"1-5-4 Fukami-Higashi Yamato, Kanagawa Japan",True
Molex Inc.,"3949-3 Kawanishi Kanoya, Kagoshima Japan",True
Molex Inc.,"801 Murphy Drive Maumelle, Arkansas USA",True
Molex Inc.,"Av. Productividad Ote. #305 El Salto, Jalisco Mexico",True
Molex Inc.,"1351-2 Sumiyoshi, Yoshida Haibara-gun, Shizuoka Japan",True
Molex Inc.,"700 Kingbird Road Lincoln, Nebraska USA",True
Molex Inc.,"889, Yinglun Road, Waigaoqiao Free Trade Zone, Pudong New District Shanghai, China",True
Molex Inc.,"C Zone, Ming Hua Road No. 3 Industrial Area Juzhou, Shijie Town, Dongguan, Guangdong China",True
Molex Inc.,"2607 Jalan Perusahaan, Kawasan Perindustrian Perai Perai, Penang Malaysia",True
Molex Inc.,"726-3 Wonsi-Dong Ansan, Gyeonggi-do South Korea",True
Molex Inc.,"903 E. Frontage Road Rio Rico, Arizona USA",True
Molex Inc.,"No 71/4 Moo 5 Bangakong Industrial Park Chachoengsao, Chachoengsao Thailand",True
Molex Inc.,"27 Guangshun Street, Dalian Economic and Technical Development Zone Dalian, Liaoning China",True
Molex Inc.,"751-7 Jangrock-dong Gwangju, Gwangju South Korea",True
Molex Inc.,"Av. de la Productividad Ote 305, Parque Industrial Guadalajara, Km 7 Carretera a Chapala Guadalajara, Guadalajara Mexico",True
Molex Inc.,"No. 110, International Road Jurong, Singapore",True
Multi Packaging Solutions,"2020 Production Drive Indianapolis, Indiana USA",True
"Multi-Fineline Electronix, Inc.","8-12 Kexin Road, Chengdu Hi-Tech Comprehensive Bonded Zone, Chengdu, Sichuan China",True
"Multi-Fineline Electronix, Inc.","No. 68 Nanhu Road, Dongwu Industrial Park, Wuzhong Economic Development Zone, Suzhou, Jiangsu China",True
"Murata Manufacturing Co., Ltd.","1-3 Thang Long Industrial Park, Dong Anh District Hanoi, Vietnam",True
"Murata Manufacturing Co., Ltd.","1321, Emorinaka 2-chome, Fukui-shi, Fukui Awara, Fukui Japan",True
"Murata Manufacturing Co., Ltd.","200 Yishun Avenue 7, Singapore",True
"Murata Manufacturing Co., Ltd.","4-1, Higashiokino 4-chome Higashiomi, Shiga Japan",True
"Murata Manufacturing Co., Ltd.","Chi-18, Sodanimachi Hakusan, Ishikawa Japan",True
"Murata Manufacturing Co., Ltd.","Plot 15, Bemban Industrial Park Jalan Bemban Batu Gajah, Perak Malaysia",True
"Murata Manufacturing Co., Ltd.","1,13-go, Okamotocho Echizen, Fukui Japan",True
"Murata Manufacturing Co., Ltd.","15 Cuijing Road, Shenzhen Grand Industrial Zone, PingShan New District Shenzhen, Guangdong China",True
"Murata Manufacturing Co., Ltd.","225 Chung-Chin Road Taichung, Taiwan",True
"Murata Manufacturing Co., Ltd.","52, Yanagibashi, Yanagibashimachi Hakui, Ishikawa Japan",True
"Murata Manufacturing Co., Ltd.","Chi-53, Ohmachi, Anamizu-Machi Housu-gun, Ishikawa Japan",True
"Murata Manufacturing Co., Ltd.","Saigon-Linh Trung Export Processing Zone No. 1, Hamlet 4, Linh Trung Ward, Thu Duc District HoChiMinh City, Binh Duong Vietnam",True
"Murata Manufacturing Co., Ltd.","1020, Takibe, Toyoshina, Azumino, Nagano Japan",True
"Murata Manufacturing Co., Ltd.","190 Kashiwagi Komoro-shi, Nagano Japan",True
"Murata Manufacturing Co., Ltd.","2308, Kaminaoe, Hikawa-cho Hikawa-gun, Shimane Japan",True
"Murata Manufacturing Co., Ltd.","77, Fukumoto, Oku-cho Setouchi, Okayama Japan",True
"Murata Manufacturing Co., Ltd.","No. 6, Xingchuang 1st Road, Wuxi Export Processing Zone B Wuxi, Jiangsu China",True
"Murata Manufacturing Co., Ltd.","11-1, Nakae 4-chome, Sanuma, Hasama-cho Tome, Miyagi Japan",True
"Murata Manufacturing Co., Ltd.","2-82, 1-chome, Miyukicho, Sabae-shi, Fukui Japan",True
"Murata Manufacturing Co., Ltd.","345, Uwano Toyama, Toyama Japan",True
"Murata Manufacturing Co., Ltd.","93, Hikarimachi Komatsu, Ishikawa Japan",True
"Murata Manufacturing Co., Ltd.","Northern Region Industrial Estate 63 Moo 4, Tambol Ban Klang Muang Lamphun, Lamphun Thailand",True
Nan Ya Printed Circuit Board Corporation,"201, ChangJiang South Road, KunShan Economic and Technical Development Zone Kunshan, Jiangsu China",True
Nan Ya Printed Circuit Board Corporation,"No. 338, Sec. 1 Nankan Road, Taoyuan, Taiwan",True
"New Ocean Precision Component (Jiangxi) Co., Ltd","No. 99 JianNan Road, YiChun Fengcheng, JiangXi China",True
Nichia Corporation,"1-19, Tatsumi-Cho Anan, Tokushima Japan",True
Nichia Corporation,"3 Nyuta, Aratano-Cho Anan, Tokushima Japan",True
Nidec Corporation,"12 Huan Cheng Bei Road, Hongye (138) Industrial District, Tangxia Town Dongguan, Guangdong China",True
Nidec Corporation,"Jl. Beringin Lot 9, Batamindo Industrial Park, Mukakuning, Batam Indonesia",True
"Nippon Mektron, Ltd.","1650-11-1 Okuhara-cho, Ushiku City, Ibaraki Ushiku, Ibaraki Japan",True
"Nippon Mektron, Ltd.","No. 2006, Huang Yang Road, Doumen Town Doumen District Zhuhai, Guangdong China",True
"Nippon Mektron, Ltd.","2626-19 Sunayama, Kamisu City, Ibaraki Kamisu, Ibaraki Japan",True
"Nippon Mektron, Ltd.","No. 48 Chung-heng Street, Hsiao-Kang District Kaoshiung, Taiwan",True
"Nippon Mektron, Ltd.","560 Moo 2, Bangpa-in Industrial Estate, Udomsorayuth Road, Tambol Klong-Jik Bang Pa-In, Ayutthaya Thailand",True
"Nippon Mektron, Ltd.","No. 1 Shuangdeng Road, Weiting Town, Suzhou Industrial Park Suzhou, Jiangsu China",True
"Nisshin Steel Co., Ltd.","11-1, Showa-cho Kure, Hiroshima Japan",True
"Nisshin Steel Co., Ltd.","4976, Nomuraminami-cho Shunan, Yamaguchi Japan",True
Nitto Denko Corporation,"1043, Gupo-Dong Gumi, Gyeongsangbuk-do South Korea",True
Nitto Denko Corporation,"716 Lianyang Road, Songjiang Industrial Zone, Shanghai, China",True
Nitto Denko Corporation,"No. 41–42 Bldg, Cuigang Industrial Five Zone Huaide, Fuyong, Bao’an District Shenzhen, Guangdong China",True
Nitto Denko Corporation,"18 Hirayama Nakahara Toyohashi, Aichi Japan",True
Nitto Denko Corporation,"Bangkai Road, Guangming Hi-Tech Park, Bao’an District Shenzhen, Guangdong China",True
Nitto Denko Corporation,"455-6, Hongo, Minogo-cho Onomichi, Hiroshima Japan",True
Nitto Denko Corporation,"No.210 North Riying Road, Wai Gao Qiao Free Trade Zone, Pudong Shanghai, China",True
Nitto Denko Corporation,"474, Hyeongok-Ri, Cheongbuk-Myeon Pyeongtaek, Gyeonggi-do South Korea",True
NXP Semiconductor N.V.,"10 Chin 5th Road N.E.P.Z., Kaoshiung, Taiwan",True
NXP Semiconductor N.V.,"Bramhall Moor Lane, Stockport, Cheshire, SK7 5BJ Hazel Grove, United Kingdom",True
NXP Semiconductor N.V.,"PT No. 12687, Tuanku Jaafar, Industrial Park Seremban, Malaysia",True
NXP Semiconductor N.V.,"10/F General Garment Building, 100-110 Kwai Cheog Road Hong Kong, China",True
NXP Semiconductor N.V.,"Gertsweg 2 Nijmegen, Netherlands",True
NXP Semiconductor N.V.,"Stresemannallee 101 Hamburg, Germany",True
NXP Semiconductor N.V.,"303 Moo 3 Chaengwattana Road, Laksi Bangkok, Thailand",True
NXP Semiconductor N.V.,"No. 188, Su Hong Xi Road, Suzhou Industrial Park Suzhou, Jiangsu China",True
NXP Semiconductor N.V.,"Tianmei Industrial North District A Section, Huangjiang Town Dongguan, Guangdong China",True
NXP Semiconductor N.V.,70 Pasir Ris Drive 1 Singapore,True
NXP Semiconductor N.V.,"Philips Avenue, Light Industry and Science Park, Diezmo Cabuyao Laguna, Philippines",True
"OmniVision Technologies, Inc.","4275 Burton Drive Santa Clara, California USA",True
Omron Corporation,"16-17F, Fushi Industrial Zone, Binghe West Road, Qinghu Industry Region, Qingxi Town. Dongguan, Guangdong China",True
Omron Corporation,"Build 6 and 11, Electronic Information Business Park, Baishazhou Industrial Park HengYang, Hunan China",True
ON Semiconductor Corporation,"1, Ooyaji, Kofune, Shiokawa-Machi, Kitakata-shi Fukushima, Tōhoku Japan",True
ON Semiconductor Corporation,"289 West People Road Leshan, Sichuan China",True
ON Semiconductor Corporation,"1. maje 2230, 756 61 Rožnov pod Radhoštěm, Zlín Region Czech Republic",True
ON Semiconductor Corporation,"Block 6, Hua Jian Industrial Building, Shekou Industrial Zone Shenzhen, Guangdong China",True
ON Semiconductor Corporation,"180, Omori Anpachi Machi Anpachi Gun, Gifu Japan",True
ON Semiconductor Corporation,"Gresham Fab, 23400 N.E. Glisan Street Gresham, Oregon USA",True
ON Semiconductor Corporation,"2300 West Buckskin Road Pocatello, Idaho USA",True
ON Semiconductor Corporation,"ISMF-SCG Industries Sdn. Bhd, Lot 122 Senawang Industrial Estate Seremban, Negeri Sembilan Malaysia",True
Oriental Printed Circuits Ltd.,"No. 238, Shan Hu Road Niu Shan Foreign Economy Industry Zone Dongcheng District, Dongguan, Guangdong China",True
Oriental Printed Circuits Ltd.,"No. 1, Xinle Road, Science City, Hi-Tech Industrial Development Zone, GuangZhou, Guangdong China",True
Oriental Printed Circuits Ltd.,"No. 200 Jiangtian Road East SongJiang Shanghai, China",True
Osram Opto Semiconductors,"Bayan Lepas Free Industrial Zone Phase 1 11900 Bayan Lepas Penang, Malaysia",True
Panasonic Corporation,"1 Tadachi Izushi-cho Toyooka, Hyogo Japan",True
Panasonic Corporation,"1037-2 Kamiosatsu Chitose, Hokkaido Japan",True
Panasonic Corporation,"25 Kowata Nishinaka Uji, Kyoto Japan",True
Panasonic Corporation,"401 Sadamasa Fukui, Fukui Japan",True
Panasonic Corporation,"1-1 Matsushita-cho Moriguchi City, Osaka Japan",True
Panasonic Corporation,"1111-1 Shimokannuki Kawanabe, Tsuyama City Japan",True
Panasonic Corporation,"271 Higashi Kaihatsu Tonami, Toyama Japan",True
Panasonic Corporation,"55-12 Hama, Osumi Kyotanabe, Kyoto Japan",True
Panasonic Corporation,"1-1 SANYO-cho, Daito Daito, Osaka Japan",True
Panasonic Corporation,"14 Jiu Xiam Qiao Road Beijing, China",True
Panasonic Corporation,"369 Nogifukutomi-cho Matsue, Shimane Japan",True
Panasonic Corporation,"99 Moo 9, Tambol Muangwan, Numphong, Khon Kaen Thailand",True
Panasonic Corporation,"1006 Kadoma Kadoma, Osaka Japan",True
Panasonic Corporation,"217 Omachi-cho, Omachi, Saga Japan",True
Panasonic Corporation,"4-5-1 Kurihara Myoko, Niigata Japan",True
Panasonic Corporation,"Aza 5 li Awara, Fukui Japan",True
Panasonic Corporation,"JI.Raya Jakarta Bogor, Km. 35 Cimanggis, Depok Indonesia",True
Panasonic Corporation,"No. 49, Tokyo Road, Free Trade Zone Qingdao, Shandong China",True
Panasonic Corporation,"No. 348 Lushan Rd, Suzhou New District, Suzhou, Jiangsu China",True
Panasonic Corporation,"Kawasan Industri MM2100 Blok O-1-1 Kecamatan Cikarang Barat Kabupaten Bekasi, Jawa Barat Indonesia",True
Panasonic Corporation,"No. 16 Yongchang Zhonglu BDA, Beijing, China",True
Panasonic Corporation,"No. 666 Lushan Road New District Suzhou, Jiangsu China",True
Panasonic Corporation,"Lot C4-10 Carmelray Industrial Park 2 Barangay Calamba, Laguna Philippines",True
Panasonic Corporation,"No. 2, 2nd Donghuan Road, 10th Industrial District, Longhua Town, Bao’an Shenzhen, Guangdong China",True
Panasonic Corporation,"No. 1 Xinghua 5th Branch Xiqing Economic Development Zone Tianjin, China",True
Panasonic Corporation,"No. 1, Jalan Jemuju 16/13, 40200 Shah Alam, Selangor Darul Ehsan Shah Alam, Selangor Malaysia",True
Panasonic Corporation,No. 3 Bedok South Road Singapore,True
Panasonic Corporation,"Tamiyaji, Tamaki, Watarai Ise, Mie Japan",True
PCH International,"3F, Zhong Tian Yuan Logistics Centre, Tao Hua Road, Futian Free Trade Zone Shenzhen, Guangdong China",True
PCH International,"4/F Shenli Industrial Park, Sanxiang Town, Zhongshan City Shenzhen, Guangdong China",True
Pegatron Corporation,"No. 233 Jinfeng Road Suzhou, Jiangsu China",True
Pegatron Corporation,"No. 3768 Xiu Yan Road, Kang Qiao Town, Pu Dong New District Shanghai, China",True
Pegatron Corporation,"No. 113, Lane171 Linsheng Road, Tinlin Town Jinshan District Shanghai, China",True
Pegatron Corporation,"No. 58 Tinghong Road, Tinglin Industrial Zone, Jinshan District Shanghai, China",True
Pegatron Corporation,"No. 1168 Ronghua Road, Songjiang Industrial Zone Shanghai, China",True
Pegatron Corporation,"No. 88 Kaedar Road, Hi-Tech Industrial Park Kunshan, Jiangsu China",True
Pegatron Corporation,"No. 3636 ShenGang Road, Xinqiao Town, Songjiang Industrial Zone Shanghai, China",True
Pegatron Corporation,"No. 88, Tinghua Road, Tinlin Town, Jinshan District Shanghai, China",True
Philips Lumileds Lighting Company,190 Yishun Avenue 7 Singapore,True
Philips Lumileds Lighting Company,Toa Poyah West Singapore,True
Philips Lumileds Lighting Company,"370 West Trimble Road San Jose, California USA",True
Philips Lumileds Lighting Company,"FIZ, Phase 3, Lebuh Kampung Jawa, 11900 Bayan Lepas Penang, Penang Malaysia",True
Philips Lumileds Lighting Company,"No. 3, Lintang Bayan Lepas 8, Kawasan Perindustrian Bayan Lepas, Fasa 4, Mukim 12 Penang, Malaysia",True
Pioneer Material Precision Tech,"No. 45, Nan Hu Road, Wuzhong Economic Development Zone Suzhou, Jiangsu China",True
Pioneer Material Precision Tech,"No. 1, Jiao Ping Da Dao, Industrial Ke Yuan Cheng Tangxia Town Dongguan, GuangDong China",True
Pioneer Material Precision Tech,"No. 1, Jiao-ping road, Ke Yuan Cheng Industrial Park, Tangxia Town Dongguan, Guangdong China",True
Prent Corporation,"No. 2275, Chengliu Zhonglu, Jiading District Shanghai, China",True
Prent Corporation,"No. 29, Lane 399, Shenyu Road, Malu Town, Jiading District Shanghai, China",True
Primax Electronics Ltd.,"Er Village, Liuwu District, Shek Kit Town, Dongguan, Guangdong China",True
Primax Electronics Ltd.,"No. 66 Qin Kun Road, Yu Shan Town Kunshan, Jiangsu China",True
Pulse Electronics,"Export Processing Zone, Hi-Tech Industrial Dev Zone Mianyang, Sichuan China",True
Pulse Electronics,"No. 99 Huo Ju Road Suzhou, Jiangsu China",True
Quanta Computer Inc.,"44350 Nobel Drive, Fremont, California USA",True
Quanta Computer Inc.,"No. 3111 West Huancheng Road, MinHang Export Zone Shanghai, China",True
Quanta Computer Inc.,"No. 68 Sanzhuang Road, Songjiang Export Processing Zone Shanghai, China",True
Quanta Computer Inc.,"No. 8 JinZhou Road, High-Tech Industrial Park, ChangShu Economic Development Zone Changshu, Jiangsu China",True
Quanta Computer Inc.,"No. 1, Lane 31, Nanle Road, Songjiang Export Processing Zone, Songjiang District Shanghai, China",True
R.R. Donnelley & Sons Co.,"No. 28 Huang Sha He West Road, Xin Jiu Wei Village, Liaobu Town, Dongguan, Guangdong China",True
R.R. Donnelley & Sons Co.,"No. 7699 Songze Avenue, Qingpu Industrial Zone Shanghai, China",True
R.R. Donnelley & Sons Co.,"No. 888 Ganghua Road, North Area of Chengdu Modern Industrial Park, Pixian, Chengdu, Sichuan China",True
Radiant Opto Electronics Corporation,"No. 11 Xin Rui Road, Science City of Guangzhou High-Tech Industrial Development Zone Guangzhou, Guangdong China",True
Radiant Opto Electronics Corporation,"No. 1621 JiangXing East Road, Economic Developing Area Wujiang, Jiangsu China",True
Radiant Opto Electronics Corporation,"No. 35 Hengtong Road Nanjing, Jiangsu China",True
Renesas Electronics Corporation,"1 Ohmaki Harue-Cho, Fukui Japan",True
Renesas Electronics Corporation,"2-9-1, Seiran Otsu, Shiga Japan",True
Renesas Electronics Corporation,"111, Nishiyokote-machi Takasaki, Gunma Japan",True
Renesas Electronics Corporation,"3-3274, Aza-Yagibashi-Higashi, Oaza-Hanazawa Yonezawa-shi, Yamagata Japan",True
Renesas Electronics Corporation,"145-1, Aza-Nakajima, Nanae-cho, Kameda-gun, Hokkaido Japan",True
Renesas Electronics Corporation,"4617, Nishiyahata Kai-Shi, Yamanashi Japan",True
Renesas Electronics Corporation,"176 JinJiHuLu, Suzhou Industrial Park, Suzhou, Jiangsu China",True
Renesas Electronics Corporation,"751 Horiguchi Hitachinaka-shi, Ibaragi Japan",True
Renesas Electronics Corporation,"9-1, Seiran 2-Chome, Otsu City, Shiga, Japan",True
Renesas Electronics Corporation,"Bayan Lepas Free, Industrial Zone Penang, Malaysia",True
Renesas Electronics Corporation,"Lot 54. Kulim, Industrial Estate. Sg, Seluang Kulim, Kedah Malaysia",True
"RF Micro Devices, Inc.","17 Middle Tongji Road Beijing, China",True
"RF Micro Devices, Inc.","7625 Thorndike Road Greensboro, North Carolina USA",True
"RF Micro Devices, Inc.","7908 Piedmont Triad Pkwy. Greensboro, North Carolina USA",True
"RF Micro Devices, Inc.","Heighington Lane Business Park Newton Aycliffe, United Kingdom",True
"ROHM Co., Ltd.","10 Kitahara Tsukuba Ibaraki Tsukuba, Yamagata Japan",True
"ROHM Co., Ltd.","21 Saiin Mizosaki-cho, Ukyo-ku Kyoto, Japan",True
"ROHM Co., Ltd.","No. 20 Four Street East and North, Dalian Economic and Technical Development Zone Dalian, Liaoning China",True
"ROHM Co., Ltd.","100 Tomioka, Kasaoka Okayama, Japan",True
"ROHM Co., Ltd.","371-11 Gasan-Dong, Gumcheon-ku Seoul, South Korea",True
"ROHM Co., Ltd.","No. 7, Weisan Road, Micro-Electronics, Jingang Highway Xiqing District Tianjin, China",True
"ROHM Co., Ltd.","101/94, 102 Navanakom Industrial Zone, Moo 20, Phaholyothin Road, Tambol Khlong-Nueng, Klongluang, Pathumthani Thailand",True
"ROHM Co., Ltd.","837-1 Azahatakeda, Oaza-Inado, Yukuhashi Fukuoka, Japan",True
"ROHM Co., Ltd.","People’s Technology Complex Special Economic Zone, Carmona, Cavite, Philippines",True
"ROHM Co., Ltd.","1164-2 Hiyoshi, Hirokawa Yame-gun, Fukuoka Japan",True
"ROHM Co., Ltd.","Lot 1320 Kawasan Perindustrian, Pengkalan Chepa ll, Padang Tembak, 16100 Kota Bharu Kelantan, Malaysia",True
SABIC Innovative Plastics Holding Bv,"1 Lexan Lane, Mt. Vernon, Indiana USA",True
SABIC Innovative Plastics Holding Bv,"No. 56 Road AiDu, Waigaoqiao Free Trade Zone Shanghai, China",True
SABIC Innovative Plastics Holding Bv,"No. 1 Sulia Road, Nansha, Panyu District Guangzhou, Guangdong China",True
Salcomp (Shenzhen) Co. Ltd,"Salcomp Road No. 69 Furong Industrial Area Xinqiao, Shajing, Bao’an District Shenzhen, Guangdong China",True
"Samsung Electro-Mechanics Co., Ltd","Weisan Road, Micro-Electronics Industrial Park, Xiqing District Tianjin, China",True
"Samsung Electro-Mechanics Co., Ltd","314 Maetan 3-Dong, Yeongtong-Gu Suwon, Gyeonggi-do South Korea",True
"Samsung Electro-Mechanics Co., Ltd","Wellgrow Industrial Estate, 93 Moo 5 Tambol Bangsamak Bang Pakong, Chachoengsao Thailand",True
"Samsung Electro-Mechanics Co., Ltd","1, Weisan Road Micro-Electronics Industrial Park Xiqing District Tianjin, China",True
"Samsung Electro-Mechanics Co., Ltd","618-270 , HDI Department, 1623-2 Nocksan Industrial Complex, Song Jeong-Dong, Kangseo-Ku Busan, Gyengsangnamdo South Korea",True
"Samsung Electro-Mechanics Co., Ltd","114, Noksansaneopjung Road, Kangseo-gu, Pusan Pusan, Gyeongsangbuk-do South Korea",True
"Samsung Electro-Mechanics Co., Ltd","Block 5, Calamba Premiere International Park, Barangay Batino, Calamba, Laguna Philippines",True
"Samsung Electro-Mechanics Co., Ltd","27 Heiniu, Cheng-Road Tianjin, China",True
"Samsung Electro-Mechanics Co., Ltd","Hengkeng Management Area Liaobu Town Dongguan, Guangdong China",True
"Samsung Electronics Co., Ltd.","12100 Samsung Blvd. Austin, Texas USA",True
"Samsung Electronics Co., Ltd.","Myeongam-ri, Tangjeong-myeon Asan, Chungcheongnam-do South Korea",True
"Samsung Electronics Co., Ltd.","San #16, Banwol-dong Hwaseong-si, Gyeonggi-do South Korea",True
"Samsung Electronics Co., Ltd.","318 Fangzhou Road, Suzhou Industrial Park Suzhou, Jiangsu China",True
"Samsung Electronics Co., Ltd.","No. 15, Jinjihu Road, Suzhou Industrial Park Suzhou, Jiangsu China",True
"Samsung Electronics Co., Ltd.","San #24 Nongseo-dong, Giheung-gu Yongin, Gyeonggi-do South Korea",True
"Samsung Electronics Co., Ltd.","445-701, Samsung Electronics Co., Banwol-dong Hwaseong-si, Gyeonggi-do South Korea",True
"Samsung Electronics Co., Ltd.","No. 723 Buksu-ri, Baebang-eup Asan, Chungcheongnam-do South Korea",True
"Samsung Electronics Co., Ltd.","San #723, Buksu-Ri, Baibang EUP, Asan, Chungcheongnam-do South Korea",True
"Samsung Electronics Co., Ltd.","510, Seongseong-dong, Seobuk-gu Cheonan, Chungcheongnam-do South Korea",True
"Samsung Electronics Co., Ltd.","Samsung Street 181, Tangjeong-myeon Asan, Chungcheongnam-do South Korea",True
Sandisk Corporation,"800 Yamanoisshiki-Cho Yokkaichi, Mie Japan",True
Sandisk Corporation,"No. 388, Jiang Chuan East Road Shanghai, China",True
SDI Corporation,"331-300/508, SungSung-dong, Seobuk-gu Cheonan, Chungcheongnam-do South Korea",True
SDI Corporation,"No. 1 Qingling Road, Yat-Sen Scientific Industrial Park, Wuqing Development Zone Tianjin, China",True
Seagate Technology LLC,"90 Moo 15 Tambol Sungnoen, Sungnoen, Nakhon Ratchasima Thailand",True
Seagate Technology LLC,"No. 200 Su Hong Zhong Lu, Suzhou Industrial Park Suzhou, Jiangsu China",True
Seagate Technology LLC,"Wuxi-Singapore Industrial Park, No.2, Xing Chuang Er Lu Wuxi, Jiangsu China",True
Seiko Epson Corporation,"1 Dannoue Iwasaki-aza, Yuzawa, Akita Japan",True
Seiko Epson Corporation,"8548, Nakaminowa, Minowa-machi Kami-Ina-gun, Nagano Japan",True
Seiko Epson Corporation,"1860, Hei, Imaizumi, Kiyotake-cho Miyazaki-shi, Miyazaki Japan",True
Seiko Epson Corporation,"Lot 1, Jalan Persiaran Industri, Taman Perindustrian Sri Damansara Sungai Buloh, Kuala Lumpur Malaysia",True
Seiko Epson Corporation,"239-239/1 Moo 7, Gateway City Industrial Estate, T. Hua Samrong, Pleang Yao, Chachoengsao Thailand",True
Seiko Epson Corporation,"No. 144, Hua Shan Road, Suzhou New District Suzhou, Jiangsu China",True
Seiko Epson Corporation,"4-44 Kaigan, Kawaragi Hachinohe-shi, Aomori Japan",True
Seiko Epson Corporation,"No. 36, Changjiang Road, Wuxi State High and Technology Industrial Development Zone Wuxi, Jiangsu China",True
Semtech Corporation,"200 Flynn Road Camarillo, California USA",True
Sharp Corporation,"1177-1 Gosana Taki-cho Taki-gun, Mie Japan",True
Sharp Corporation,"464 Kohgawa, Shiraki-cho Kameyama, Mie Japan",True
Sharp Corporation,"No 21 Zhujiang Road Wuxi National High and New Tech Industrial Development Zone WuXi, Jiangsu China",True
Sharp Corporation,"No. 7, VSIP II, Street 7, Vietnam-Singapore Park II, Hoa Phu Ward Thu Dau Mot, Binh Duong Vietnam",True
"Shenzhen Panel Lighting Co., Ltd","No. 2006 East Taihu Road, Hengjing Street, WuZhong District Suzhou, Jiangsu China",True
"Shenzhen Panel Lighting Co., Ltd","No. 22 Boafeng Road, WuZhong District Suzhou, Jiangsu China",True
Shenzhen Yuto Printing (Holdings) Ltd.,"Industrial Hatching Park, Business Gathering Zone, Wulu Road Center Changge, Henan China",True
Shenzhen Yuto Printing (Holdings) Ltd.,"No. 1 Shihuan Road, Shuitian Industrial Area, Shilongzai, Shiyan Town Shenzhen, Guangdong China",True
"Shicoh Co., Ltd.","Export Processing Zone, 38 Rong Teng Road, Songjiang Shanghai, China",True
Shimano Inc.,"1-27-6, Nishi-Nippori, Arakawa-ku Tokyo, Japan",True
"Shin Zu Shing Co., Ltd.","No. 174, Jyunying Street, Shulin District New Taipei City, Taiwan",True
"Silicon Works Co., Ltd.","707 Tamnin-Dong Daejeon, Tuseong-Gu South Korea",True
"Simplo Technology Co., Ltd.","No. 2 Dong Nan Avenue Changshu, Jiangsu China",True
"Skyworks Solutions, Inc.","20 Sylvan Road Woburn, Massachusetts USA",True
"Skyworks Solutions, Inc.","2427 West Hillcrest Drive Newbury Park, California USA",True
"Skyworks Solutions, Inc.","Calzada Gomez Morin 1690, Col. Rivera CP Mexicali, Baja California Mexico",True
SMK Corporation,"1-1, Yasuuchi, Yatsuo-Machi Toyama, Toyama Japan",True
SMK Corporation,"1-5F Section 3 Bldg. 1, Honghualing Industrial South Area, Xili Town, Nanshan District Shenzhen, Guangdong China",True
SMK Corporation,"2nd East Turning, Zhenxing Road, Gaobu Town Dongguan, Guangdong China",True
SMK Corporation,"3F Section 3 East, Honghualing Industrial South Area, Xili Town, Nanshan District Shenzhen, Guangdong China",True
Solvay Specialty Polymers,"17005 State Route 7 Marietta, Ohio USA",True
Solvay Specialty Polymers,"Industriepark de Bruwaan 9 Oudenaarde, Belgium",True
Solvay Specialty Polymers,"Jiangsu High-Tech Flourchemical Industrial Park, Haiyu Town Changshu, Jiangsu China",True
Sony Corporation,1 Tuas Road Singapore,True
Sony Corporation,"4000-1 Haramizu, Kikuyo Kikuchi, Kumamoto Japan",True
Sony Corporation,"No. 27, Changjiang Road, New District Wuxi, Jiangsu China",True
Sony Corporation,"18 Satuki-cho Kanuma-shi, Tochigi Japan",True
Sony Corporation,"Free Trade Zone, Prai Industrial Estate, Prai Penang, Malaysia",True
Sony Corporation,"1883-43 Tsukubamachi Isahaya, Nagasaki Japan",True
Sony Corporation,"Ha-86 Akai-machi, Nomi-shi, Ishikawa Japan",True
Sony Corporation,"2 Toinokuchi Motomiya Motomiya, Fukushima Japan",True
Sony Corporation,"No. 99 Jiang Tian East Road, Song Jiang Industry Development Zone, Shanghai, China",True
STMicroelectronics,"16, Rue Pierre et Marie Curie Tours CX2, Tours France",True
STMicroelectronics,"850 rue Jean Monnet Crolles, France",True
STMicroelectronics,"Via C. Olivetti 2, 20864 Agrate Brianza (MB), Italy",True
STMicroelectronics,"16, Tao Hua Road Futian Free Trade Zone Shenzhen, Guangdong China",True
STMicroelectronics,"Industry Road Kirkop, Malta",True
STMicroelectronics,190 Avenue Célestin Coq Zone Industrielle Rousset France,True
STMicroelectronics,"No. 9 Mountain Drive, Light Industry and Science Park II, Brgy La Mesa, Laguna Philippines",True
STMicroelectronics,28 Ang Mo Kio-Industrial Park 2 Singapore,True
STMicroelectronics,"Stradale Primosole 50 Catania, Sicily Italy",True
Styron LLC,"No. 17 Ren Jen Road Hsinchu, Taiwan",True
"Sumitomo Chemical Co., Ltd.","1-1 Ooe Niihama City, Niihama, Ehime Japan",True
"Sumitomo Chemical Co., Ltd.","61 Xinmei Road, Wuxi New District Wuxi, Jiangsu China",True
"Sumitomo Chemical Co., Ltd.","862 Palbong-dong Iksan, Chungcheongbuk-do South Korea",True
Sumitomo Electric Industries Ltd.,"30 Hinokigaoka, Minakuchi-Cho, Kouga-shi, Shiga Japan",True
Sumitomo Electric Industries Ltd.,"No. 232 Jingfeng Road Suzhou, Jiangsu China",True
Sumitomo Electric Industries Ltd.,"Ampere St. Cor Main Avenue, Light Industry and Science Park, BoDiezmo Cabuyao, Laguna Philippines",True
Sumitomo Electric Industries Ltd.,"Bldg B, No. 20 Song Tang Road, Tong Fu Yu Industrial Area, Tang Xia Chong, Songgang Shenzhen, Guangdong China",True
Sumitomo Electric Industries Ltd.,"No. 20, Songtang Road, Tongfuyu Industrial Park, Tangxiayong, Songgang, Bao’an Shenzhen, Guangdong China",True
"Sumitomo Light Metals, Ltd.","1-12, 3-Chome, Chitose Minato-Ku Nagoya, Aichi Japan",True
"Sumitomo Light Metals, Ltd.","No. 99 Shaojing Road, Kunshan Economical Technology Development Zone Kunshan, Jiangsu China",True
SUNREX Technology Corporation,"No. 508 GuoDao Road, Fenhu Economic Development Zone, Luxu Town Wujiang, Jiangsu China",True
Suyin Corporation,"Suyin Road, San Zhong Village, Qing Xi Town Dongguan, Guangdong China",True
Taiyi Precision Tech Corporation,"No. 68, HuaMing Road, Longhua District Shenzhen, Guangdong China",True
Taiyi Precision Tech Corporation,"No. 68, Meifeng Road, Wu Song Jiang Industrial Park, Yu Shan Town, Kunshan, Jiangsu China",True
"Taiyo Yuden Co., Ltd.","1-1, Chikumazawahigashi, Miyoshi-machi, Iruma-gun, Saitama Japan",True
"Taiyo Yuden Co., Ltd.","1796-1, Kawai, Tamamura-machi Sawa-gun, Gunma Japan",True
"Taiyo Yuden Co., Ltd.","460, Oaza Koyama Suzaka-shi, Nagano Japan",True
"Taiyo Yuden Co., Ltd.","No. 13 Keji Dong Road, Shi Jie Town Dongguan, Guangdong China",True
"Taiyo Yuden Co., Ltd.","116 Bangji-Ri Sanam-Myun Sachon-City, Gyeongsangnam-do South Korea",True
"Taiyo Yuden Co., Ltd.","197-8, Kamiyoshi, Kubiki-ku Joetsu-shi, Niigata Japan",True
"Taiyo Yuden Co., Ltd.","587-3, Sumiyoshi Ueda-shi, Nagano Japan",True
"Taiyo Yuden Co., Ltd.","1500, Gokan, Minakami-machi Tone-gun, Gunma Japan",True
"Taiyo Yuden Co., Ltd.","1988, Nakanojo, Nakanojo-machi Agatsuma-gun, Gunma Japan",True
"Taiyo Yuden Co., Ltd.","Lot 977, Block 12, Sama Jaya Free Industrial Zone Kuching, Sarawak Malaysia",True
"Taiyo Yuden Co., Ltd.","1660, Kamisatomi-machi Takasaki, Gunma Japan",True
"Taiyo Yuden Co., Ltd.","4026-22, Inanbar, Inami-cho, Hidaka-gun, Wakayama Japan",True
"Taiyo Yuden Co., Ltd.","Mactan Economic Zone Lapulapu City, Cebu Philippines",True
TDK Corporation,"1-6 Manganji, Yurihonjo-city Honjo, Akita Japan",True
TDK Corporation,"146-1, Haraikawa, Ohuchi-Sankawa, Yuri-Honjo-shi Yuri-Honjoyoh, Akita Japan",True
TDK Corporation,"97, Aza-Aburaden, Yamada Tsuruoka, Yamagata Japan",True
TDK Corporation,"Nanxiang Road Hongqi Town Zhuhai, Guangdong China",True
TDK Corporation,"No. 68 West Huaihe Road, Dalian Economic and Technical Development Zone, Dallian, Liaoning China",True
TDK Corporation,"106-163, 2 Goto, Waga-machi, Kitakami City, Iwate-Pref. Nikaho City, Akita Japan",True
TDK Corporation,"151 Maeda, Hirasawa Nikaho City, Akita Japan",True
TDK Corporation,"99-19, Aza-Meiji, Oaza-Miyaumi Sakata, Yamagata Japan",True
TDK Corporation,"No. 16 Tonghe Road, Pingdu City Qingdao, Shandong China",True
TDK Corporation,"Siemensstrasse 43 Deutschlandsberg, Austria",True
TDK Corporation,"130 Aza Juninomae Nikaho City, Akita Japan",True
TDK Corporation,"160 Miyazawa Minami Alps City, Yamanashi Japan",True
TDK Corporation,"Anzinger Strasse 13 Munich, Germany",True
TDK Corporation,"No. 2 Xin Du Road, Wuxi-Singapore Industrial Park Wuxi, Jiangsu China",True
TDK Corporation,"130 Juninomae, Konoura, Akita Japan",True
TDK Corporation,"6th Fl., 260 Tun Hwa N. Road Yanmei, Taiwan",True
TDK Corporation,"Conrad Hi-Tech Park, 689 Zhen An Road, Changan Town Dongguan, Guangdong China",True
TDK Corporation,"No. 321-339 Tongi South Road, Jimei District Xiamen, Fujian China",True
Teikoku Printing Inks Mfg.,"613 Kurashina, Makioka-cho, Yamanashi-gun Yamagata Japan",True
Teikoku Printing Inks Mfg.,"999 Fengdeng Road, Malu Town, Jiading District Shanghai, China",True
Texas Instruments Incorporated,"1 Lorong Enggang 33, Ampang Kuala Lumpur, Kuala Lumpur Malaysia",True
Texas Instruments Incorporated,"13536 N. Central Expressway Dallas, Texas USA",True
Texas Instruments Incorporated,"3601 Alma Road Richardson, Texas USA",True
Texas Instruments Incorporated,"Analog BD Center, 4459-12 Yatabe Tsukuba-shi Hiji, Hayami-gun Oita Japan",True
Texas Instruments Incorporated,"Haggertystrasse 1 Freising, Bavaria Germany",True
Texas Instruments Incorporated,"13011 TI Blvd. Dallas, Texas USA",True
Texas Instruments Incorporated,"142, Sec. 1, Hsin Ho Chung-Ho City, Taiwan",True
Texas Instruments Incorporated,"5 Foden Road, South Portland, USA",True
Texas Instruments Incorporated,"Batu Berendam Melaka, Melaka Malaysia",True
Texas Instruments Incorporated,"Jesus Rivera Franco #507 Aguascalientes, Aguascalientes Mexico",True
Texas Instruments Incorporated,"13121 TI Blvd. Dallas, Texas USA",True
Texas Instruments Incorporated,"2, Takaku-Kogyodanchi Aizuwakamatsu-shi, Fukushima Japan",True
Texas Instruments Incorporated,"6412 S. Highway 75 Sherman, Texas USA",True
Texas Instruments Incorporated,"Earnhill Road, Larkhill Industrial Estate Greenock, Inverclyde Scotland",True
Texas Instruments Incorporated,"Peza, Loakan Road Baguio City, Philippines",True
Texas Instruments Incorporated,"13353 TI Blvd. Dallas, Texas USA",True
Texas Instruments Incorporated,"2350 Kihara Miho-mura, Inashiki-gun Miho, Ibaraki Japan",True
Texas Instruments Incorporated,"8-10 Kexin Road Exprt Process Zone Chengdu, Sichuan China",True
Texas Instruments Incorporated,"Gil Puyat Avenue Clark, Philippines",True
Texas Instruments Incorporated,"West Industrial Estate, Centential Road, Clark Freeport Zone Pampanga, Philippines",True
"Tian Jin Lishen Battery Joint-Stock Company, Ltd.","No. 38 Haitainan Road, Huayuan Science and Technology Park, Tianjin Binhai Hi-Tech Industrial Development Area Tianjin, China",True
"Tian Jin Lishen Battery Joint-Stock Company, Ltd.","No. 6 Lanyuan Road, Huayuan Hi-Tech Industry Park Tianjin, China",True
Toshiba Corporation,"1-1, Iwauchi-machi Nomi, Ishikawa Japan",True
Toshiba Corporation,"3500, Oaza Matsuoka Oita, Oita Japan",True
Toshiba Corporation,"800 Yamanoisshiki-Cho Yokkaichi, Mie Japan",True
Toshiba Corporation,"103 East Main Avenue Extension, Special Export Processing Zone Binan, Laguna Philippines",True
Toshiba Corporation,"42507 Telok Panglima Garang (FTZ), 15km Klang-Banting Road Kuala Langat, Selangor Malaysia",True
Toshiba Corporation,"135 Moo 5, Bangkadi Industrial Park, Tivanon Road, Tambol Bangkadi Muang, Pathumthani Thailand",True
Toshiba Corporation,"647, Mobara Mobara, Chiba Japan",True
Toshiba Corporation,"300, Ikaruga, Taishi-cho Ibo-bun, Hyogo Japan",True
Toshiba Corporation,"760, Oaza Kutsugawa Buzen, Fukuoka Japan",True
"Toyo Rikagaku Kenkyusho Co., Ltd.","No. 281, Peacock Road, Kun Shan Economic and Technical Development Zone Suzhou, Jiangsu China",True
"Toyo Rikagaku Kenkyusho Co., Ltd.","No. 188, Gao Ding Road, Kun Shan Economic and Technical Development Zone Suzhou, Jiangsu China",True
Toyoda Gosei Co. Ltd.,"710 Heiwa-cho, Shimomiyake Origuchi Inazawa, Aichi Japan",True
Toyoda Gosei Co. Ltd.,"9966-9 Wakaki-cho, Oaza Kawako Takeo, Sega Japan",True
"TPK Holding Co., Ltd.","199 Banshang Road Xiamen, Fujian China",True
"TPK Holding Co., Ltd.","996 Ming An Avenue Xiang An, Xiamen, Fujian China",True
Tripod Technology Corporation,"No. 68 3rd Furong East Road, Development Zone, Xishan District Wuxi, Jiangsu China",True
TriQuint Semiconductor,"1818 Orange Blossom Trail Apopka, Florida USA",True
TriQuint Semiconductor,"2300 N.E. Brookwood Parkway Hillsboro, Oregon USA",True
TriQuint Semiconductor,"500 W. Renner Road Richardson, Texas USA",True
TriQuint Semiconductor,"Zona Franca Metropolitana Barreal De Heredia, Haredia Costa Rica",True
Triumph Lead Electronic Tech Co.,"20-B, Lixing Industrial Park, South Hongye Road, Chongzhou, Sichuan China",True
Triumph Lead Electronic Tech Co.,"Bldg. A, FengMenAo Science and Technology Park, FengMen Road LongGang District BanTian, Shenzhen, Guangdong China",True
Triumph Lead Electronic Tech Co.,"No. 8 Changping Road, Huangdai Town, Xiangcheng District Suzhou, Jiangsu China",True
TXC Corporation,"No. 189 Huangshan West Road Ningbo, Zhejiang China",True
TXC Corporation,"No. 4 Kung Yeh 6th Road Ping Cheng Industrial District Taoyuan, Taiwan",True
Tyco Electronics,"2414 Amata Inashiki-shi, Ibaraki Japan",True
Tyco Electronics,"307 Qingjiang Road Shanghai, China",True
Tyco Electronics,"No. 21, Deshun Bei Road, Huanhai Economic Development Zone, Qingdao, Shandong China",True
Tyco Electronics,"No. 389 Central Avenue, Zone B, Export Processing Zone Kunshan, Jiangsu China",True
Unimicron Corporation,"No. 168 Xiao Lin Road, Kunshan, Jiangsu China",True
Unimicron Corporation,"No. 177 Shan Ying Road, Kwei Shan Industrial Park Taoyuan, Taiwan",True
Unisteel Technology Ltd.,"No. 988 Shang Xue Road, Malu Town, Jia Ding District, Shanghai, China",True
"Universal Scientific Industrial Co., Ltd.","No. 1558, Zhang Dong Road, Zhangjiang Hi-Tech Park Shanghai, China",True
Vishay Intertechnology,"Youmadun. People Four Road Huiyang District Huizhou, Guangdong China",True
Vishay Intertechnology,"233 Pao Chiao Road Hsintien Taipei, Taiwan",True
Vishay Intertechnology,"1122 23rd Street Columbus, Nebraska USA",True
Vishay Intertechnology,"3 Hakoster Street Beer Sheva, Israel",True
Vishay Intertechnology,"2160 Liberty Drive Niagara Falls, New York USA",True
Vishay Intertechnology,"3-3 East 2nd Street Nantze Export Processing Zone Kaoshiung, Taiwan",True
Vishay Intertechnology,"2201 Laurelwood Road Santa Clara, California USA",True
Vishay Intertechnology,"501 West Jianchang Road Shanghai, China",True
Vishay Intertechnology,60 Woodlands Industrial Park D Street 2 Singapore,True
Vishay Intertechnology,"Foti ut 56 Budapest, Hungary",True
Vishay Intertechnology,"No. 88 The 6th Avenue Tianjin Economic Tianjin, China",True
Vishay Intertechnology,"Route 25 10 Main Street Monroe, Connecticut USA",True
Vishay Intertechnology,"Vila Nova De Famalicao Calendario Calendario, Portugal",True
Vishay Intertechnology,"Dimona Industrial Zone Dimona, Israel",True
Vishay Intertechnology,"Fraunhoferstr. 1, D-25524 Itzehoe, Germany",True
Vishay Intertechnology,"No. 1710-1, Kawasan Perindustrian Krubong Melaka, Malaysia",True
Vishay Intertechnology,"Rungholstr. 8-10 Heide, Germany",True
Vishay Intertechnology,"Wijnendalestraat 160 Roeselare, Belgium",True
Vishay Intertechnology,"Dr. Felix Zandman Platz 1 Selb, Germany",True
Vishay Intertechnology,"FTI Estate Bagsaka Road Taguig, Metro Manila Manila, Philippines",True
Vishay Intertechnology,"No. 58 Chang Xu Road, Jiading Shanghai, China",True
Vishay Intertechnology,"Telefunkenstrabe, A-4840 Vokclabruck, Austria",True
Vishay Intertechnology,"E. Highway 50 Yankton, South Dakota USA",True
Vishay Intertechnology,"Mlynska1095 Prestice, Czech Republic",True
Vishay Intertechnology,"Ramat Gabriel Industrial Park 852 Industrial Park Migdal Ha’Emek, Israel",True
Vishay Intertechnology,"Theresienstrasse 2, D74072 Heilbronn, Germany",True
Volex PLC,"No. 1173, Shenhui Road, Henggang, Shenzhen, Guangdong China",True
Western Digital Corporation,"140 Moo 2 Klongjig, Bang Pa-In Industrial Estate, Klongjig, Bang Pa-In, Ayutthaya Thailand",True
Western Digital Corporation,"203, 205 Moo 7 Tambon Tha Tum, Amphur Srimahaphote, Prachinburi Thailand",True
Wintek Corporation,"99, Suhongxi Road, Suzhou, Jiangsu China",True
"Zeniya Aluminum Engineering, Ltd.","No. 307 Bu Bu Gao Road, Wu Sha Jiangbei Village, Chang An Town, Dongguan, Guangdong China",True
"Zhen Ding Technology Holding, Ltd.","No. 18 Teng Fei Road, QinHuangDao Economic Technological Development Zone QinHuangDao, Hebei China",True
"Zhen Ding Technology Holding, Ltd.","Song Gang Industrial Area, Yan Chuan Yan Luo Road, Song Gang Town, Bao’an District, Shenzhen, Guangdong China",True
"Advanced Micro Devices, Inc.","One AMD Place Sunnyvale, California USA",False
"Audience, Inc.","440 Clyde Avenue Mountain View, California USA",False
Broadcom Corporation,"5300 California Avenue Irvine, California USA",False
"Cirrus Logic, Inc.","800 West 6th Street Austin, Texas USA",False
Dialog Semiconductor Plc,"Neue Strasse 95 Kirchheim Teck, Nabern Germany",False
Marvell Technology Group Ltd.,"5488 Marvell Lane Santa Clara, California USA",False
NVIDIA Corporation,"2701 San Tomas Expressway Santa Clara, California USA",False
"Parade Technologies, Ltd.","2858 De La Cruz Blvd. Santa Clara, California USA",False
Qualcomm Incorporated,"5775 Morehouse Drive, San Diego, California USA",False